<?xml version="1.0" encoding="UTF-8"?>
<project-private xmlns="http://www.netbeans.org/ns/project-private/1">
    <editor-bookmarks xmlns="http://www.netbeans.org/ns/editor-bookmarks/2" lastBookmarkId="0"/>
    <open-files xmlns="http://www.netbeans.org/ns/projectui-open-files/2">
        <group>
            <file>file:/C:/Users/Biya/Documents/NetBeansProjects/Bridgepattern/src/bridgepattern/Bridgepattern.java</file>
            <file>file:/C:/Users/Biya/Documents/NetBeansProjects/Bridgepattern/src/bridgepattern/DrawApp.java</file>
            <file>file:/C:/Users/Biya/Documents/NetBeansProjects/Bridgepattern/readme.txt</file>
            <file>file:/C:/Users/Biya/Documents/NetBeansProjects/Bridgepattern/src/bridgepattern/blue.java</file>
            <file>file:/C:/Users/Biya/Documents/NetBeansProjects/Bridgepattern/src/bridgepattern/Shape.java</file>
            <file>file:/C:/Users/Biya/Documents/NetBeansProjects/Bridgepattern/src/bridgepattern/Red.java</file>
            <file>file:/C:/Users/Biya/Documents/NetBeansProjects/Bridgepattern/src/bridgepattern/Circle.java</file>
        </group>
    </open-files>
</project-private>
